<?xml version="1.0" encoding="UTF-8"?>
<services-config>
    <services>
        <service id="amfphp-flashremoting-service" class="flex.messaging.services.RemotingService" messageTypes="flex.messaging.messages.RemotingMessage">
            <destination id="zendamf">
                <channels>
                    <channel ref="zend-amf-channel"/>
                </channels>
                <properties>
                    <source>*</source>
                </properties>
            </destination>
        </service>
    </services>
    <channels>
        <channel-definition id="zend-amf-channel" class="mx.messaging.channels.AMFChannel">
            <endpoint uri="http://127.0.0.1/tvschedulenew-debug/gateway.php" class="flex.messaging.endpoints.AMFEndpoint"/>
        </channel-definition>
    </channels>
</services-config>