<?xml version="1.0" encoding ="utf-8"?>
<swc xmlns="http://www.adobe.com/flash/swccatalog/9">
  <versions>
    <swc version="1.2" />
    <flash version="12.0" build="d481" platform="WIN" />
  </versions>
  <features>
    <feature-script-deps />
    <feature-files />
  </features>
  <libraries>
    <library path="library.swf">
      <script name="PreloaderDisplay" mod="1383726316213" >
        <def id="PreloaderDisplay" /> 
        <dep id="flash.text:TextField" type="s" /> 
        <dep id="AS3" type="n" /> 
        <dep id="flash.display:MovieClip" type="i" /> 
      </script>
    </library>
  </libraries>
  <files>
  </files>
</swc>
